<?xml version="1.0" encoding="UTF-8"?>
<game>
    <enemies>
        <enemy>
            <name>Stone Golem</name>
            <hp>150</hp>
            <attack>30</attack>
            <defense>20</defense>
            <experience>50</experience>
            <attackFrequency>1.0</attackFrequency>
            <weapons>
                <weapon>1</weapon>
                <weapon>2</weapon>
            </weapons>
        </enemy>
        <enemy>
            <name>Espectre</name>
            <hp>80</hp>
            <attack>25</attack>
            <defense>10</defense>
            <experience>30</experience>
            <attackFrequency>1.5</attackFrequency>
            <weapons>
                <weapon>3</weapon>
            </weapons>
        </enemy>
        <enemy>
            <name>Wolf Fighter</name>
            <hp>100</hp>
            <attack>20</attack>
            <defense>15</defense>
            <experience>40</experience>
            <attackFrequency>1.2</attackFrequency>
            <weapons>
                <weapon>1</weapon>
            </weapons>
        </enemy>
        <enemy>
            <name>Drake</name>
            <hp>250</hp>
            <attack>50</attack>
            <defense>30</defense>
            <experience>100</experience>
            <attackFrequency>0.8</attackFrequency>
            <weapons>
                <weapon>2</weapon>
            </weapons>
        </enemy>
    </enemies>
    
    <weapons>
        <weapon>
            <id>1</id>
            <type>Sword</type>
            <range>1.5</range>
        </weapon>
        <weapon>
            <id>2</id>
            <type>Bow</type>
            <range>10</range>
        </weapon>
        <weapon>
            <id>3</id>
            <type>Claws</type>
            <range>5</range>
        </weapon>
    </weapons>
</game>
